DROP DATABASE IF EXISTS vk;
CREATE DATABASE vk;
USE vk;

DROP TABLE IF EXISTS users;
CREATE TABLE users (
	id SERIAL PRIMARY KEY,
	firstname VARCHAR(50),
	lastname VARCHAR(50) comment 'Фамилия',
	email VARCHAR(120) UNIQUE,
	phone BIGINT UNIQUE,
	INDEX users_phone_idx(phone),
	INDEX users_firstname_lastname_idx(firstname, lastname)
);

REPLACE INTO `users` VALUES ('101','Iva','DAmore','zoey.goyette@example.net','0'),
('102','Adalberto','Schinner','dalton73@example.com','553021'),
('103','Kylee','Okuneva','kfriesen@example.org','1'),
('105','Santos','Klein','urunolfsdottir@example.org','39'),
('106','Anastacio','Anderson','legros.sammy@example.com','320'),
('107','Jeff','Tremblay','larkin.willard@example.com','8750665097'),
('108','Austen','Stanton','mary.morissette@example.net','62'),
('109','Tianna','Hudson','yhahn@example.org','1191444764'),
('112','Bettye','Buckridge','klein.dale@example.org','106126'),
('114','Jorge','Kozey','lmurphy@example.net','517'),
('118','Jazlyn','VonRueden','marcelina53@example.com','529'),
('119','Madie','O\'Conner','jon08@example.com','640016'),
('121','Jeanette','Rogahn','aida.bauch@example.com','930018'),
('124','Aiden','Pollich','london56@example.org','2671888779'),
('126','Michel','Mohr','khalid.hane@example.org','950'),
('130','Arlene','Wisozk','adrian.kuhlman@example.net','424397'),
('133','Milton','Reynolds','alivia.dare@example.net','25'),
('134','Dalton','Ebert','gay31@example.org','259219'),
('137','Hallie','Witting','ustoltenberg@example.net','385825'),
('141','Lue','Tillman','tyson.daugherty@example.com','599'),
('142','Gage','Jacobson','susan.bartoletti@example.com','265'),
('144','Maegan','Schneider','mcglynn.trycia@example.net','6512760000'),
('147','Elena','Ledner','reinger.rafaela@example.com','900'),
('148','Esther','Aufderhar','jmills@example.com','4592581424'),
('151','Maymie','Ankunding','hassie.hegmann@example.net','794'),
('153','Scot','Lubowitz','wava.o\'kon@example.org','139'),
('155','Raymond','Hettinger','hvolkman@example.org','12902'),
('156','Florencio','Gibson','huels.pansy@example.net','857'),
('158','Jalen','Schultz','pmonahan@example.net','86'),
('159','Ottilie','Cummings','rosalind84@example.org','797943'),
('163','Carter','Koelpin','stracke.johan@example.org','493545'),
('166','Dorothy','Kiehn','baumbach.adaline@example.net','860'),
('167','Zola','Abernathy','schroeder.roselyn@example.org','553361'),
('168','Nina','O\'Keefe','virgie64@example.com','581088'),
('169','Elfrieda','Lang','holden.o\'connell@example.com','656518'),
('171','Viva','Schroeder','kemmer.emmanuelle@example.org','29'),
('172','Emmy','Brown','pkutch@example.net','6841086401'),
('173','Chris','Koepp','beryl84@example.net','518049'),
('175','Ignatius','O\'Kon','juliet70@example.net','511262'),
('176','Misty','Sauer','olittel@example.net','25982'),
('177','Ignacio','Ortiz','kunde.savanah@example.net','340335'),
('178','Theodora','Keebler','boehm.aletha@example.net','138'),
('179','Keven','Wintheiser','freda36@example.com','434'),
('181','Eryn','Lehner','kreiger.ellen@example.com','619718'),
('182','Dovie','Heathcote','mo\'reilly@example.com','501393'),
('185','River','McKenzie','xdaugherty@example.net','841'),
('186','Ike','VonRueden','kamille00@example.com','641'),
('188','Selmer','Welch','hertha51@example.net','687775'),
('189','Jordon','Nicolas','hunter77@example.net','583607'),
('190','Kyler','Aufderhar','padberg.sage@example.org','683046'),
('191','Jaida','Krajcik','sydnee.stiedemann@example.com','478'),
('192','Sage','Russel','lebsack.linda@example.com','7145295410'),
('193','Wyman','Casper','qrogahn@example.org','785'),
('194','Garrison','Murphy','geovanny.witting@example.com','845422'),
('195','Lonzo','Corkery','breanna09@example.net','351'),
('197','Dangelo','Hintz','bernhard.oscar@example.com','416'),
('198','Micah','Bashirian','mcdermott.richmond@example.net','4056962831'); 


DROP TABLE IF EXISTS `profiles`;
CREATE TABLE `profiles` (
 
	user_id SERIAL PRIMARY KEY,
	gender CHAR(1) NOT NULL,
	birthday DATE,
	photo_id BIGINT UNSIGNED NOT NULL,
	created_at DATETIME DEFAULT NOW(),
	hometown VARCHAR(100),
	FOREIGN KEY (USER_ID) REFERENCES users(id)
		ON UPDATE CASCADE
		ON DELETE restrict
);

INSERT INTO `profiles` VALUES ('101','m','2006-03-21','83','1970-11-06 01:14:26','7'),
('102','m','2019-12-09','16','2016-12-19 11:33:54','3'),
('103','m','2020-03-11','45','1996-10-25 07:00:49','2'),
('105','m','1995-06-01','93','1990-09-15 14:30:53','9'),
('106','m','1974-08-06','97','2020-02-09 19:01:44','4'),
('107','m','1997-12-13','32','1985-08-04 04:06:17','9'),
('108','m','1975-12-26','99','1995-08-19 21:54:56','8'),
('109','m','1979-04-14','61','1981-11-18 16:17:21','9'),
('112','m','1988-04-23','83','1980-11-18 09:59:40','8'),
('114','m','1979-08-23','7','2018-11-09 08:43:48','8'),
('118','f','1985-06-21','76','2007-02-06 05:54:18','1'),
('119','m','1974-10-11','64','2004-02-21 00:27:37','5'),
('121','f','1984-03-18','51','2006-07-27 14:37:01','3'),
('124','f','2016-12-19','11','2005-02-12 00:35:23','3'),
('126','m','1995-11-16','30','1983-12-24 02:05:53','9'),
('130','f','2001-10-18','24','1979-08-22 15:21:32','9'),
('133','f','2017-10-04','39','2001-08-26 05:32:28','8'),
('134','m','1983-05-31','51','1987-03-31 01:31:05','6'),
('137','m','2005-09-30','48','2006-10-04 13:34:03','1'),
('141','m','1978-01-23','18','1994-08-30 11:24:07',''),
('142','f','2001-10-11','57','1978-04-13 13:00:14',''),
('144','m','1976-10-10','79','1991-03-30 17:40:02','6'),
('147','f','2002-03-08','61','1982-04-10 20:20:18','5'),
('148','f','2008-10-05','62','2016-03-23 23:19:56','3'),
('151','f','1972-03-27','43','1984-12-02 23:49:00','9'),
('153','f','1974-11-02','51','1996-07-12 23:05:08','7'),
('155','f','1988-07-16','89','1995-05-15 12:34:26','8'),
('156','f','1981-10-02','15','1984-08-31 07:39:45','7'),
('158','f','1992-12-09','55','2007-02-16 01:15:42','2'),
('159','f','1999-11-30','25','1993-07-16 17:01:06','3'),
('163','m','1983-06-25','87','2014-07-22 10:24:19','5'),
('166','m','2007-04-06','80','1989-01-19 05:45:06','2'),
('167','m','1970-11-13','49','2008-09-23 11:13:07','5'),
('168','m','1987-06-17','29','2017-01-18 16:55:39','9'),
('169','f','1988-04-23','5','1982-07-16 23:29:04','3'),
('171','m','2005-12-08','37','1982-09-28 14:26:45','4'),
('172','m','1988-03-06','22','1974-10-04 02:38:05','1'),
('173','m','1976-09-16','34','2004-01-01 22:57:23','9'),
('175','f','2013-05-13','1','2002-09-13 11:30:31','2'),
('176','m','1990-03-07','97','1980-07-12 14:15:48','9'),
('177','f','1981-03-06','79','1978-12-18 07:17:26','8'),
('178','f','1998-02-08','62','2015-01-09 00:43:10','9'),
('179','f','2006-09-11','59','1977-01-05 09:41:18','1'),
('181','f','1987-06-02','86','1978-02-07 08:29:56','1'),
('182','m','2004-06-14','1','1999-01-20 18:42:21','3'),
('185','f','1970-03-22','82','1975-07-31 11:03:54','8'),
('186','m','2011-09-08','72','1994-12-20 17:43:25','7'),
('188','m','1988-07-15','93','1994-12-08 02:46:43','9'),
('189','m','2007-04-12','27','1997-11-14 18:33:06','2'),
('190','f','2017-01-05','76','1980-08-25 22:28:04','7'),
('191','f','2009-04-19','50','2011-05-26 06:38:40',''),
('192','m','2003-06-12','5','1981-02-14 20:49:47','5'),
('193','f','2006-04-22','7','2008-03-12 10:13:02','9'),
('194','m','2015-08-03','37','1992-07-09 07:31:31','1'),
('195','m','1995-06-14','22','2009-05-13 20:06:00','6'),
('197','m','2014-07-31','17','1974-10-10 01:40:05','3'),
('198','f','1994-10-25','70','1992-04-08 01:01:15',''); 

DROP TABLE IF EXISTS messages;
CREATE TABLE messages(
	id SERIAL PRIMARY KEY, 
	from_user_id BIGINT UNSIGNED NOT NULL,
	to_user_id BIGINT UNSIGNED NOT NULL,
	body TEXT,
	created_at DATETIME DEFAULT NOW(),
	INDEX messages_from_user_id(from_user_id),
	INDEX messages_to_user_id(to_user_id),
	FOREIGN KEY (from_user_id) REFERENCES users(id),
	FOREIGN KEY (to_user_id) REFERENCES users(id)
);

INSERT INTO `messages` VALUES ('1','194','195','Ipsam ea et modi libero. Enim quae laudantium modi nam dolores dolorum perferendis. Velit sit quo consequatur itaque consequatur architecto molestiae. Dicta dolorem magni et placeat. Facere quae provident vitae repellendus id minima eos.','2008-03-14 19:43:46'),
('2','153','159','Fugit et quisquam ut praesentium aperiam cupiditate. Omnis consequatur ut est fuga voluptatum. Aut quis alias labore aut sequi. Temporibus esse aut nostrum ut animi.','1993-02-17 09:19:14'),
('3','175','134','Modi maxime qui beatae sunt neque est facilis. Fugiat qui laudantium voluptatem aut quas ad accusantium. Natus ratione eos quas ut aut aut. Est non est minus expedita minima exercitationem eum.','1972-05-29 23:11:43'),
('4','159','105','Molestiae tempore repellat ullam ut. Id aut est numquam sit in. Quo ut alias qui dolorem corrupti fuga ut. Quia nihil voluptatem est itaque rerum non.','1983-06-04 16:16:19'),
('5','158','171','Veniam possimus nisi nisi quo. Nobis qui iure tempora. Vitae earum ut sapiente dolorem at laudantium.','2015-03-04 14:48:41'),
('6','134','197','Enim tenetur in temporibus est est ratione. Aliquid sunt non incidunt sit quo.','1986-12-27 20:27:46'),
('7','166','105','Omnis sapiente rerum odio quia aliquid ea. Libero quidem est aut est aliquam. Tenetur quia aperiam quam.','1983-04-10 16:45:37'),
('8','133','169','Quod quaerat minima rerum cumque neque et. Adipisci a natus qui voluptas corporis magni. Et laudantium enim esse nihil odit modi dicta.','2017-10-05 15:32:11'),
('9','197','189','Possimus tempore optio voluptatem maiores. Animi eligendi debitis iure nihil voluptatem quia quia deserunt. Atque rerum ipsam qui incidunt omnis. Itaque nemo et voluptas.','2015-10-31 11:56:42'),
('10','119','166','Amet alias et eaque molestiae error repellat. Molestiae esse voluptate placeat assumenda maiores fugiat et. Unde eveniet dolorem qui nostrum.','1973-02-18 03:18:35'),
('11','121','192','Incidunt id omnis ducimus qui deleniti ratione rerum. Autem pariatur similique amet vero atque. Veniam veniam quae non aliquid.','2008-01-26 19:47:51'),
('12','101','155','Nisi ut animi voluptas temporibus est. Nihil consequatur qui atque consequuntur iure. Voluptates eum voluptatibus assumenda consequatur. Sed aut autem reiciendis dolore quis numquam veritatis id.','1994-01-16 17:13:17'),
('13','177','108','Dolorum quaerat distinctio at natus error non similique. Libero omnis non aut qui vel. Et consequuntur molestias culpa nihil vitae suscipit voluptatem.','2017-07-06 05:29:15'),
('14','176','102','Aliquam rerum consectetur voluptatem voluptates. Ut necessitatibus est et perspiciatis hic in. Dolorum dignissimos non a doloremque itaque.','2003-07-05 16:47:29'),
('15','176','142','Itaque autem omnis suscipit repellendus est magni. Aliquid iure enim laboriosam quis ducimus deleniti autem. Sit esse modi dolore sunt quaerat. Repudiandae expedita earum nihil ullam earum aut.','1981-02-26 18:36:32'),
('16','176','171','Quos sunt nulla consequatur sit. Sed vel et omnis quis.','2001-03-09 17:22:34'),
('17','134','109','Dolorum culpa dolorem et sequi. Doloremque repellendus in qui non. Voluptatem non pariatur voluptatum doloribus.','2008-06-19 16:37:33'),
('18','112','197','Sit eius optio aut. Iusto modi et nobis et. Aperiam veniam qui fugiat culpa. Dolor sit rerum harum aspernatur ut.','2013-07-18 01:50:34'),
('19','153','173','Dolor natus ut aut assumenda. Architecto deleniti expedita voluptas assumenda voluptatum. Pariatur placeat dolore sit ipsum quia quae in.','2014-04-28 23:47:34'),
('20','103','195','Dolorem minima consectetur quae illum doloribus velit. Aut ducimus dolor vel rem autem. Maxime ut aut provident officia voluptas aliquam in. Doloremque suscipit perferendis laborum voluptatem deleniti numquam quia.','2004-11-07 22:52:55'),
('21','133','142','Placeat eos quasi et. Repellendus mollitia facere accusamus adipisci. Sapiente ratione et modi facere sint voluptatem. Quas ipsa repudiandae est ut quis culpa.','2009-12-30 08:51:44'),
('22','193','189','Odit doloribus et quos blanditiis. At dolor modi ex aut eveniet reiciendis ratione. Et velit a reiciendis nihil.','1984-08-09 03:45:01'),
('23','148','119','Ex animi quia ut occaecati accusantium nisi. Qui ipsum sed provident neque. Et autem laboriosam optio impedit ut fuga saepe. Modi ex culpa dolorum vitae aut.','1988-03-21 06:02:12'),
('24','153','147','Officiis explicabo magnam ducimus fugit eum. Voluptas molestiae non quod et repellendus. Voluptatem dolore unde ea sit quaerat. Eos reprehenderit ad quam et dicta enim harum modi.','2011-10-29 10:21:11'),
('25','105','173','Aliquid ex est qui voluptatem sit blanditiis nulla. Molestiae consequatur optio veritatis saepe unde magni aperiam. Nihil dolores dolore nam dolorem quaerat.','1995-03-10 20:56:46'),
('26','195','130','Debitis ipsum repellendus aliquid quasi totam aliquid. Molestias a quasi quod et quibusdam praesentium ullam. Molestiae est qui sunt molestiae repellat.','2016-08-27 19:55:47'),
('27','166','197','Et at non dolorum id illo repudiandae. Aliquid dolore quas asperiores cumque et. Magnam dolorem rerum temporibus numquam earum.','1999-01-25 16:58:07'),
('28','178','130','Voluptas enim et assumenda molestiae maiores. Aliquam nihil autem et saepe soluta cumque minima. Exercitationem aut molestiae doloremque repellendus.','1988-09-28 10:42:08'),
('29','106','151','Laudantium voluptatem eos natus esse. Ut est provident facilis pariatur. Voluptatibus dolor totam assumenda labore.','1998-05-12 11:49:04'),
('30','133','181','Doloremque repellat quis recusandae rem et. Placeat quo libero mollitia dolores. Est explicabo illo voluptatibus quisquam molestias.','1993-10-22 14:10:04'),
('31','182','198','Eius optio odio ut reprehenderit. Cum reprehenderit dolorum beatae eos sapiente laudantium. Harum quia rerum aut esse. Et totam fuga natus suscipit.','1985-10-08 03:49:22'),
('32','147','107','Voluptas quibusdam vel at ea. Voluptatem in exercitationem dolore debitis. Officia modi unde asperiores repellendus. Et illo inventore exercitationem distinctio.','2010-04-05 14:18:19'),
('33','109','163','Dolor doloribus est quas qui aliquam temporibus. Et nesciunt veritatis dolor quisquam. Exercitationem rerum sint beatae quaerat. Temporibus asperiores rerum illo iure. Dolores quibusdam ea dolorem voluptas sapiente tenetur harum et.','1998-01-30 21:22:37'),
('34','106','167','Qui animi fugit saepe voluptas. Quis et porro vero maxime. Ab atque laboriosam vel qui non qui doloremque. Perferendis rerum magnam id et aut est.','1992-08-28 22:04:29'),
('35','118','108','Repellendus architecto ab quis optio expedita et. Necessitatibus iure quo error ad. Et id aliquid maiores iure corporis.','2009-05-21 18:19:21'),
('36','159','156','Veritatis fugiat ullam fuga eos. Dolore modi rerum enim explicabo nam veritatis et distinctio. Eum qui tempora iure in est et magni. Fuga et odit eum.','1992-11-30 04:39:30'),
('37','155','153','Quod est voluptas voluptatem rerum sit ut. Et nihil rerum corrupti eligendi eum ut. Saepe vitae et magni facilis ipsum consequatur a et.','2008-07-21 04:05:56'),
('38','137','191','Aliquam asperiores nihil est natus debitis. Autem perferendis sed dignissimos nobis temporibus voluptas occaecati. Totam placeat dolorum est aut assumenda.','2000-09-11 21:23:14'),
('39','173','182','Magni vel dolores voluptatem quos non aliquam. Et quia omnis eligendi a sit optio quod. Porro tenetur expedita sunt iste. Adipisci occaecati velit voluptatem nesciunt reiciendis commodi laborum unde.','1970-02-09 03:44:45'),
('40','133','177','Voluptatem quaerat nam totam quae amet. Et cumque animi et accusantium veniam est nihil et. Aut libero placeat non quibusdam nisi sint et.','2009-05-18 12:00:16'),
('41','151','124','Molestias debitis facilis quia. Cupiditate illo recusandae reiciendis qui officia laboriosam natus. Et aperiam voluptas perspiciatis autem. Eaque cumque quidem mollitia earum sapiente nam.','2018-03-14 02:28:58'),
('42','197','197','Nulla omnis aut voluptas nobis aut ex vero. Aperiam unde delectus quia excepturi atque voluptatibus quam. Eos nisi est dolor aut beatae non modi quod.','2001-06-05 08:08:15'),
('43','119','177','Et quod possimus modi consequatur dolor quas aperiam. Placeat possimus deserunt commodi deleniti perspiciatis mollitia. Illo modi facere veniam harum. Natus dolorum et enim et est sunt.','2018-10-02 08:55:46'),
('44','124','133','Commodi dolore nobis reprehenderit officiis. Aliquam ut voluptas a reprehenderit nostrum aliquam qui. Cum repellat ipsum impedit perferendis fugit omnis.','1996-12-21 10:15:45'),
('45','112','163','Eveniet distinctio quo officiis. Eius culpa nobis occaecati consequuntur est ea exercitationem. Minus et velit ea numquam.','1972-10-31 05:30:28'),
('46','103','193','Sed vitae iure aut sed. Amet ea est laudantium voluptatum qui quos non voluptas. Impedit voluptates non porro et.','1973-08-03 16:01:24'),
('47','163','151','Molestiae ut blanditiis tempora itaque. Qui repudiandae unde est ut delectus eos. Earum eos quaerat sed quia.','1989-10-19 00:42:18'),
('48','102','173','Autem deleniti ratione asperiores molestiae itaque recusandae. Cum voluptas quidem sint exercitationem cupiditate. Est illo rerum ut vero. Reprehenderit cum rerum pariatur optio officia.','1976-06-12 11:43:23'),
('49','195','107','Officia est non velit sed. Fuga sunt enim laboriosam dolores voluptas. Qui odit aut et ab eum provident. Accusantium consequatur dolore non reiciendis et qui et. Omnis accusantium debitis similique fuga quia accusamus eveniet.','1990-03-27 17:33:52'),
('50','124','112','Optio sunt explicabo tempora itaque alias quia eveniet reiciendis. Corporis eveniet quo magni quasi. Mollitia et rerum dolor ipsum. Voluptates dolore voluptatem tenetur animi magni.','2015-12-29 21:11:22'),
('51','121','179','Sit qui beatae tenetur veniam ut in soluta mollitia. Quibusdam in et eius id sunt. Et cupiditate aut veniam nemo dolorem.','1986-03-18 17:20:04'),
('52','171','175','Sint tenetur omnis itaque voluptatem. Nisi eveniet sint ut officiis quia suscipit hic. Vero ipsum quia alias.','1987-05-08 23:41:51'),
('53','119','195','Sit eum dignissimos fugiat ea aperiam quia suscipit. Itaque ea eligendi quo vero dignissimos a. Neque quia sit deleniti odit rerum.','1981-10-23 22:26:39'),
('54','167','189','Accusamus dignissimos possimus dolores voluptatem animi aut eos. Sint occaecati qui doloremque vero. Ea iusto culpa distinctio et maiores itaque ab. Facere cum mollitia vero consectetur placeat accusantium dignissimos. Accusantium provident omnis dolorem.','1995-04-05 00:02:55'),
('55','178','189','Sed nesciunt eligendi sunt minus sint nihil. Incidunt sapiente eaque qui incidunt debitis.','1994-10-10 07:11:55'),
('56','167','114','Quibusdam itaque minus velit saepe. At soluta dolores corrupti fuga autem fugiat nostrum. Sit ad velit tempora temporibus. Voluptates aliquam aspernatur amet laudantium autem expedita.','1987-08-03 17:56:20'),
('57','107','163','Veniam aut itaque deleniti quia eligendi ratione minus. Aliquid quo eos aut. Quo incidunt qui reiciendis quo ut illum cumque atque.','1974-09-28 12:04:01'),
('58','112','134','Aut corrupti quia ex est repellendus deserunt accusamus aperiam. Odit rem dolorem cumque molestiae rerum. Rerum magnam unde delectus dolor. Voluptas veniam voluptas mollitia.','1994-08-12 06:33:09'),
('59','126','147','Officia dolor est qui atque veniam aliquid modi velit. Impedit maiores mollitia eaque quaerat odio incidunt aperiam accusantium. Eligendi deserunt quidem suscipit voluptatibus soluta maxime doloremque.','2008-11-01 05:53:54'),
('60','168','147','Qui quae sit porro accusamus atque. Velit laudantium dolores atque quae. Non quis placeat et saepe omnis.','2001-09-07 20:20:35'),
('61','194','171','Quae architecto consequuntur debitis saepe. Molestiae consequatur tempore nihil est occaecati. Consequatur omnis et vel molestiae dolorem deleniti nihil.','1991-02-18 20:28:15'),
('62','137','155','Qui ab voluptatem ex ab eaque natus natus doloribus. Quia commodi eligendi qui et molestias. Eaque quia ut voluptas qui sit officiis unde.','2014-01-31 05:40:59'),
('63','103','141','Libero voluptatibus dolorum itaque deleniti nisi deserunt dolores. Dolores in quia ipsam libero unde aut atque explicabo. Est id libero dolor et. Incidunt esse natus magnam quod qui.','1982-02-01 22:21:35'),
('64','108','101','Nam ut minima natus ut ut dolores maiores animi. Tempore dolores et deleniti aut dolorum. Est aut consequuntur cum et sunt itaque. Quia et dolorem aut neque.','1996-08-11 02:00:33'),
('65','153','142','Soluta quia non accusantium aspernatur officia et. Quaerat iure necessitatibus qui quia. Quia quae omnis provident.','1977-04-18 05:52:29'),
('66','112','173','Esse aliquid repellendus aut adipisci autem quidem voluptatem. Nihil quia aperiam qui tempora temporibus sit iure. Fuga architecto ipsum veritatis et aut.','1978-01-25 20:57:59'),
('67','108','182','Aut totam consequatur asperiores doloremque ipsa et est. Aut quia impedit aperiam iste reprehenderit minus expedita ut. Suscipit repellendus accusantium voluptatem eum laboriosam. Et perspiciatis deleniti rerum aut.','1984-04-04 03:01:56'),
('68','141','134','Pariatur nihil numquam est velit enim sequi dignissimos. In ad itaque earum accusamus. Quo impedit alias sit voluptatem ut porro ullam hic.','1994-07-18 12:59:23'),
('69','178','193','Odit sunt qui possimus adipisci. Non esse rerum dignissimos. Explicabo dolore autem iste et odio et.','1988-04-09 04:40:23'),
('70','112','155','Recusandae eligendi laboriosam eveniet aperiam ut ratione veritatis vel. Expedita inventore sit labore ex. Soluta illum sit deleniti non repudiandae. Quidem magnam impedit omnis.','2003-12-30 15:53:05'),
('71','181','178','Est perspiciatis enim soluta quaerat culpa. Nam sit est iure similique enim at beatae.','1999-05-27 01:41:54'),
('72','172','190','Numquam animi molestiae quaerat alias iure. Dolorem eius praesentium aut quos et. Eum harum voluptas voluptates necessitatibus.','1993-08-04 02:34:03'),
('73','126','182','Esse quo ipsam et at beatae. Nemo qui aliquid eum assumenda. Voluptatem consequatur delectus temporibus earum incidunt ad laboriosam. Hic molestiae a pariatur mollitia.','1977-08-22 11:23:22'),
('74','114','159','Neque autem fugit eum reprehenderit. Quis similique et aspernatur magnam nulla eos. Omnis consequatur blanditiis quas dicta est est eaque.','1981-05-10 03:21:42'),
('75','114','179','Reprehenderit pariatur consequatur sit. Consectetur excepturi sed voluptatibus et beatae sint distinctio. Voluptatem aut temporibus deleniti cum et officiis. Ut ut aut officia nobis.','1971-02-19 05:05:08'),
('76','193','107','Inventore quia id et ipsum non aut. Non ipsam ea eum quam sequi. Voluptatem nostrum tempore atque quisquam. Error sit expedita aliquam beatae architecto quisquam.','1971-04-03 19:37:11'),
('77','144','126','Similique neque in eos est eos. Unde expedita facere dolores illum. Soluta ab nihil exercitationem quos.','2008-02-12 04:20:04'),
('78','167','151','Voluptate velit voluptatem enim tempora nihil. Itaque aperiam dolorem libero debitis quibusdam aut aut. Magni tempore incidunt nostrum minus dicta ut. Natus et blanditiis expedita hic recusandae.','1983-03-19 02:04:59'),
('79','169','176','Eligendi voluptatum possimus quasi autem maiores non. Iure error qui enim. Delectus ut sed nam et eum quibusdam tempora quidem.','1986-11-22 00:08:06'),
('80','151','103','Neque tempora quod vero eos. Ipsa illum accusantium est et. Nemo magnam laborum nostrum odit eaque quas est.','1971-05-02 16:33:48'),
('81','103','168','Sit laudantium voluptatem qui distinctio quia odit. Ipsam mollitia omnis minima et eum tempora quasi. Ullam voluptatum officia earum odio.','1998-10-31 07:25:10'),
('82','177','112','Dolore at sequi laudantium vel. Dicta itaque nulla odio. Voluptatum pariatur qui aspernatur rerum. Sit dolor quos aut tenetur fugit quae.','2002-04-30 20:59:17'),
('83','142','105','Dolores consequatur maiores optio aut nihil molestias quia porro. Vitae est voluptatem fugit ut maiores qui excepturi culpa.','1977-03-19 01:27:51'),
('84','153','107','Eos accusamus omnis in mollitia nobis. Cumque repellat eligendi fugit odio consequatur facere ut nesciunt. Suscipit ut nemo est voluptatem. Commodi iusto omnis id.','1976-08-12 06:44:20'),
('85','197','169','Molestiae assumenda voluptas adipisci placeat minima. In minus omnis quo sit pariatur. Voluptatem dolores facilis voluptas incidunt. Enim consequatur sequi vero dolorem deserunt sunt in delectus.','1995-09-17 21:31:56'),
('86','167','178','Iusto mollitia culpa labore cum ut et. In natus ut ut laborum velit architecto consequuntur. Quibusdam dolor ipsa voluptatem porro.','2006-04-02 10:09:04'),
('87','137','119','Est eveniet ut est fugiat placeat qui voluptas qui. Voluptatem quis ratione dicta rerum cum occaecati sed. Placeat libero velit nobis nesciunt.','2000-03-07 16:35:41'),
('88','168','168','Cum voluptas repellat quidem nulla labore dolores commodi. Nisi aut dolor exercitationem amet vitae. Earum rem et eum et voluptates pariatur explicabo.','1995-06-19 22:51:47'),
('89','198','181','Culpa quisquam ea delectus aliquam ut maiores quam. Ut magnam numquam voluptatem voluptas quisquam eaque facilis doloribus. Sed in fugiat tempora aut consequatur.','2011-08-16 17:05:57'),
('90','108','114','Nesciunt nesciunt at voluptatem quod. Animi sint sit officiis repudiandae dicta itaque. Possimus hic nihil ducimus tempora aspernatur autem dignissimos. Id qui beatae velit.','2004-02-07 03:37:17'),
('91','159','102','Id tenetur necessitatibus incidunt nihil dolor qui. Est nostrum sed ea et. Eum reprehenderit et totam ipsa quia omnis est.','1994-11-02 15:56:16'),
('92','130','191','Reprehenderit similique occaecati autem assumenda iure aut suscipit. Vero quasi natus enim necessitatibus aut officia ex. Perferendis deleniti non tenetur et veniam ipsam et.','1989-05-21 13:33:17'),
('93','133','188','Architecto odio quaerat in voluptatem optio quod molestiae. In nobis ea nam ut fuga reiciendis est. Tenetur alias est consectetur facilis voluptatem.','2013-04-03 14:29:04'),
('94','134','191','Voluptas fugiat sit maxime est autem. Dolores atque quam quia. Maxime id architecto natus laudantium dignissimos modi sit consequatur. Totam odit ipsam ea ad vel quasi voluptatem magni.','1996-07-21 06:42:26'),
('95','163','179','Officia modi quam iste id. Exercitationem cum neque dolore omnis. Possimus aut et officiis vel non nobis nostrum ratione. Nam et sequi neque est maxime a magni.','1998-11-19 23:12:21'),
('96','193','167','Totam officiis qui dolorem consequatur et. Aut nihil sit ullam autem aut recusandae est.','2019-06-10 12:10:32'),
('97','137','172','Est dignissimos rerum facilis aspernatur. Quo nobis et enim deserunt id. Vel aut molestiae reprehenderit vero ut.','2013-08-23 15:48:09'),
('98','178','176','Amet illum error quia ut aut et dignissimos iure. Est quia aut sit facere consectetur ab facere. Occaecati accusamus consequatur quasi alias. Autem et similique cum eum.','2007-07-08 18:33:11'),
('99','176','114','Voluptas voluptas non nulla impedit similique. Ducimus omnis temporibus totam quia eos. Ratione est et ut voluptatum ut aliquid. Aut quam assumenda nostrum placeat at beatae. Laudantium nisi fuga repellat inventore aliquid dolores doloremque.','2000-08-18 15:37:00'),
('100','185','173','Beatae eum nulla maxime. Voluptas odio et et tempora ipsum. Nisi minima officia est suscipit exercitationem repellat officiis. Enim illum itaque occaecati quia aliquam dolore recusandae.','1996-03-04 14:02:25'); 

DROP TABLE IF EXISTS friend_request;
CREATE TABLE friend_request (
	initiator_user_id BIGINT UNSIGNED NOT NULL,
	target_user_id BIGINT UNSIGNED NOT NULL,
	`status` ENUM('requested', 'approved', 'unfriended', 'declined'),
	requested_at DATETIME DEFAULT NOW(),
	confirmed_at DATETIME,
	
	PRIMARY KEY (initiator_user_id, target_user_id),
	INDEX initiator_user_id(initiator_user_id),
	INDEX target_user_id(target_user_id),
	FOREIGN KEY (initiator_user_id) REFERENCES users(id),
	FOREIGN KEY (target_user_id) REFERENCES users(id)
);

INSERT INTO `friend_request` VALUES ('102','148','requested','1990-04-05 17:44:59','2007-08-10 11:01:57'),
('102','171','unfriended','2005-05-17 19:49:58','2008-06-28 01:52:20'),
('103','119','declined','1996-06-23 15:35:42','2001-05-19 03:54:48'),
('103','124','declined','2016-05-26 07:10:49','1997-08-23 22:08:22'),
('103','194','requested','1970-01-09 21:10:58','2014-10-25 05:51:10'),
('105','118','declined','1985-12-19 23:27:31','2000-11-08 18:31:41'),
('105','126','approved','1986-07-13 06:22:48','1974-04-22 18:02:31'),
('106','114','approved','1991-06-17 10:33:34','2005-03-31 01:17:05'),
('106','118','approved','1986-03-20 16:48:31','1997-11-22 10:05:49'),
('106','133','declined','2017-11-09 17:52:56','1977-08-07 02:23:58'),
('106','159','declined','1974-06-20 03:54:26','1989-06-03 05:44:49'),
('107','118','unfriended','2005-10-25 07:28:57','1979-08-16 03:26:26'),
('107','148','declined','2004-05-17 10:25:10','1978-09-23 15:44:43'),
('107','168','declined','2017-10-07 10:09:37','2007-03-27 23:04:36'),
('108','121','requested','1992-08-25 22:14:15','1974-11-10 06:16:57'),
('108','133','approved','1992-11-23 07:34:33','1999-07-31 03:14:53'),
('108','179','unfriended','2010-01-25 04:59:30','2005-07-22 01:41:03'),
('109','124','unfriended','2019-06-11 12:27:59','2007-03-27 20:29:23'),
('109','175','declined','1972-08-21 07:43:38','1971-06-28 16:57:18'),
('112','118','declined','2001-12-31 13:29:58','1979-04-29 08:01:39'),
('112','195','approved','2001-04-15 09:42:14','1977-08-12 19:43:37'),
('114','105','declined','2003-04-22 04:16:26','1989-09-20 01:26:06'),
('114','190','declined','1995-08-26 05:06:56','1974-12-07 02:36:47'),
('118','185','approved','1993-03-09 10:55:28','2015-12-15 23:47:18'),
('119','118','approved','2018-11-24 23:26:39','1973-12-16 06:32:13'),
('119','167','unfriended','1970-02-09 04:03:22','1994-08-25 17:58:44'),
('119','169','declined','1984-07-06 22:20:40','2010-08-24 19:04:36'),
('124','142','declined','2020-02-26 13:46:56','1990-10-14 19:40:13'),
('124','178','requested','1970-10-19 04:01:34','1972-05-17 19:24:36'),
('126','141','approved','1986-05-09 18:08:53','1979-05-18 17:05:51'),
('130','105','unfriended','2019-12-04 04:40:07','1995-02-15 08:41:04'),
('130','179','requested','2016-03-11 19:10:04','1993-07-19 05:00:33'),
('133','109','requested','1977-08-11 09:14:58','1999-09-29 08:33:10'),
('133','118','requested','2008-04-04 17:44:57','1996-10-12 12:53:32'),
('133','148','unfriended','1976-10-03 19:39:30','2005-06-28 00:01:29'),
('134','192','declined','2008-04-22 15:42:27','1981-01-31 18:51:10'),
('137','108','approved','2008-11-16 13:52:56','1992-11-12 11:27:19'),
('137','112','unfriended','1984-07-29 09:07:10','2002-07-11 16:21:17'),
('137','151','approved','1999-06-13 15:13:55','1980-02-14 17:31:47'),
('137','191','requested','1973-03-27 22:52:33','1984-05-18 18:25:57'),
('142','126','approved','1983-05-02 14:36:25','2014-08-07 02:18:03'),
('142','147','requested','1997-07-27 15:39:19','2005-03-21 04:04:37'),
('144','121','declined','2009-09-28 10:17:06','2010-04-06 09:00:19'),
('144','179','requested','1991-10-25 08:14:53','1979-04-05 06:57:33'),
('147','130','declined','2016-06-13 05:05:08','2009-12-01 15:11:30'),
('147','193','declined','2013-07-07 17:03:36','2009-11-11 22:42:29'),
('147','198','declined','1999-05-01 01:17:06','1989-03-02 07:24:16'),
('148','103','requested','1976-04-30 09:10:09','1993-11-24 22:35:51'),
('148','153','approved','1972-04-16 05:02:27','1986-11-29 23:27:49'),
('151','191','unfriended','2018-05-31 22:49:53','1977-07-16 07:52:01'),
('153','173','declined','1997-12-04 01:26:53','1976-10-30 06:49:18'),
('153','194','approved','1996-01-26 11:17:03','2007-01-25 01:04:59'),
('155','137','approved','2015-11-06 17:56:44','2007-10-27 12:13:55'),
('156','137','approved','1972-01-18 20:43:34','2016-04-13 17:33:28'),
('156','148','approved','2019-06-25 04:49:03','2000-06-19 12:46:42'),
('156','182','unfriended','1979-04-07 14:30:44','1999-10-09 11:35:45'),
('158','189','approved','1977-10-10 02:13:32','1993-11-01 02:20:30'),
('159','144','approved','1971-07-04 04:15:24','2004-02-20 04:58:46'),
('159','179','requested','2006-06-14 05:36:16','2016-03-24 19:36:57'),
('163','133','requested','1983-09-02 12:26:06','1990-04-28 10:05:05'),
('163','171','requested','1983-07-11 16:27:27','2002-10-23 17:53:51'),
('163','193','approved','1981-08-26 16:25:31','2011-12-09 11:51:07'),
('168','189','declined','2001-10-14 12:02:46','2015-09-29 07:39:15'),
('169','185','unfriended','1987-11-28 13:59:44','2013-04-05 19:44:24'),
('171','176','approved','1997-09-29 22:59:59','1992-02-09 17:50:20'),
('175','172','declined','2003-06-21 03:08:10','1999-11-22 05:19:33'),
('176','105','requested','2004-07-19 23:35:08','1971-09-29 16:29:02'),
('177','141','unfriended','2016-03-07 18:37:44','1976-01-27 23:22:30'),
('178','190','requested','1986-01-28 15:41:45','1977-04-12 12:19:08'),
('179','141','approved','1988-03-24 15:30:22','1991-03-31 11:09:18'),
('179','147','declined','1981-03-14 13:07:02','1984-08-17 17:14:40'),
('179','182','requested','2014-11-27 02:16:01','1975-01-03 20:45:31'),
('181','126','unfriended','1996-12-03 16:41:23','1973-06-01 02:09:30'),
('181','147','unfriended','1989-08-20 20:01:30','1990-10-07 08:24:05'),
('181','158','declined','2008-12-13 23:58:57','1973-03-08 17:50:44'),
('182','133','unfriended','2016-07-07 14:50:31','1997-11-28 11:59:57'),
('182','167','requested','1983-04-29 02:10:10','1987-11-24 20:28:27'),
('185','172','approved','2011-07-20 06:22:55','2005-10-11 23:47:55'),
('185','188','unfriended','1973-02-26 23:09:30','2004-08-31 22:35:14'),
('186','186','approved','1982-01-18 02:16:33','1979-12-07 07:24:34'),
('188','142','requested','2013-07-06 01:51:18','2000-04-24 14:03:09'),
('188','195','approved','2001-11-25 20:02:15','1979-04-10 02:57:00'),
('189','166','approved','2013-10-04 21:21:04','2013-01-29 15:40:37'),
('190','134','approved','2017-02-11 07:46:12','1988-02-27 21:04:25'),
('190','147','requested','2009-05-08 11:26:59','1992-04-22 19:36:05'),
('190','181','declined','1972-06-08 16:39:11','1987-02-06 21:08:03'),
('191','103','declined','1986-12-26 07:50:02','1997-06-02 14:47:53'),
('191','141','unfriended','1983-03-30 20:10:41','1975-09-29 10:36:03'),
('191','176','declined','2020-01-13 22:09:34','1988-12-28 14:13:02'),
('191','181','requested','2004-10-05 07:42:11','2006-05-24 18:42:35'),
('192','109','declined','1983-05-04 03:39:52','2011-07-03 08:27:29'),
('193','188','approved','1981-06-15 00:40:26','1996-03-12 16:35:24'),
('194','168','unfriended','2010-08-25 00:00:28','1980-09-29 15:52:12'),
('195','102','approved','2015-12-25 14:07:12','1989-05-25 12:40:31'),
('195','178','requested','1971-06-29 23:53:49','2006-02-11 17:52:49'),
('195','182','requested','1972-02-23 10:45:04','2015-01-05 09:33:32'),
('197','188','declined','2012-02-25 18:59:50','1999-02-18 08:01:25'); 


DROP TABLE IF EXISTS communities; 
CREATE TABLE communities (
	id SERIAL PRIMARY KEY,
	name VARCHAR(150),
	INDEX communities_user_idx(name)
);

delete communities;

INSERT INTO `communities` VALUES ('81','ab'),
('33','adipisci'),
('15','alias'),
('4','aliquam'),
('89','aliquam'),
('27','animi'),
('20','aspernatur'),
('72','aspernatur'),
('59','blanditiis'),
('22','consequatur'),
('79','consequatur'),
('74','cum'),
('67','debitis'),
('34','dolor'),
('13','dolore'),
('45','doloremque'),
('70','dolorum'),
('85','ducimus'),
('26','eaque'),
('75','eaque'),
('97','eligendi'),
('73','enim'),
('6','est'),
('12','est'),
('40','est'),
('77','est'),
('23','et'),
('29','et'),
('43','et'),
('51','et'),
('68','et'),
('69','et'),
('76','et'),
('87','et'),
('94','et'),
('98','et'),
('17','ex'),
('37','explicabo'),
('44','facere'),
('84','facere'),
('56','fuga'),
('86','fugit'),
('21','hic'),
('95','in'),
('9','ipsam'),
('99','ipsam'),
('1','labore'),
('88','labore'),
('63','minima'),
('14','minus'),
('30','minus'),
('91','minus'),
('18','modi'),
('83','molestiae'),
('93','molestiae'),
('8','neque'),
('78','nihil'),
('3','non'),
('32','non'),
('52','non'),
('90','non'),
('38','numquam'),
('10','occaecati'),
('46','omnis'),
('2','perferendis'),
('42','perferendis'),
('71','perspiciatis'),
('57','quas'),
('28','quasi'),
('5','qui'),
('39','qui'),
('64','qui'),
('65','quia'),
('35','quidem'),
('16','quis'),
('62','quis'),
('24','quo'),
('47','ratione'),
('25','reiciendis'),
('58','reiciendis'),
('66','reiciendis'),
('36','saepe'),
('11','sapiente'),
('82','sequi'),
('31','sint'),
('48','sint'),
('50','sit'),
('54','soluta'),
('92','sunt'),
('61','tempore'),
('80','temporibus'),
('19','tenetur'),
('7','ut'),
('96','ut'),
('41','velit'),
('60','velit'),
('53','vitae'),
('100','vitae'),
('49','voluptatem'),
('55','voluptatem'); 

DROP TABLE IF EXISTS users_communities;
CREATE TABLE users_communities (
	user_id BIGINT UNSIGNED NOT NULL,
	community_id BIGINT UNSIGNED NOT NULL,

	PRIMARY KEY (community_id, user_id),
	FOREIGN KEY (user_id) REFERENCES users(id),
	FOREIGN KEY (community_id) REFERENCES communities(id)

);

INSERT INTO `users_communities` VALUES ('193','3'),
('177','4'),
('147','5'),
('193','5'),
('112','6'),
('103','7'),
('142','7'),
('118','8'),
('178','8'),
('179','8'),
('181','9'),
('108','10'),
('153','10'),
('168','10'),
('102','12'),
('118','13'),
('121','15'),
('178','15'),
('166','18'),
('126','19'),
('147','20'),
('121','21'),
('130','21'),
('186','21'),
('191','21'),
('109','22'),
('118','23'),
('177','23'),
('137','26'),
('173','29'),
('101','30'),
('186','30'),
('114','32'),
('126','33'),
('198','38'),
('118','39'),
('191','39'),
('101','40'),
('171','40'),
('144','41'),
('177','41'),
('118','42'),
('175','42'),
('176','43'),
('177','44'),
('193','45'),
('124','52'),
('156','52'),
('148','54'),
('198','54'),
('166','56'),
('175','56'),
('144','57'),
('193','57'),
('112','60'),
('173','63'),
('166','65'),
('188','66'),
('194','68'),
('172','69'),
('177','69'),
('192','69'),
('112','70'),
('133','70'),
('155','70'),
('172','71'),
('177','71'),
('147','72'),
('133','74'),
('185','74'),
('119','77'),
('188','78'),
('197','78'),
('155','79'),
('191','80'),
('141','81'),
('166','81'),
('105','82'),
('101','83'),
('142','83'),
('178','83'),
('188','84'),
('179','85'),
('130','86'),
('126','87'),
('195','88'),
('197','90'),
('112','91'),
('153','94'),
('189','94'),
('176','96'),
('108','97'),
('194','97'),
('109','98'),
('182','98'),
('177','99'),
('142','100'),
('179','100'),
('182','100'); 



DROP TABLE IF EXISTS media_types;
CREATE TABLE media_types (
	id SERIAL PRIMARY KEY,
	name VARCHAR(255) NOT NULL,
	created_at DATETIME DEFAULT NOW(),
	updated_at DATETIME DEFAULT CURRENT_TIMESTAMP ON UPDATE CURRENT_TIMESTAMP
);

DROP TABLE IF EXISTS media;
CREATE TABLE media (
	id SERIAL PRIMARY KEY,
	media_type_id BIGINT UNSIGNED NOT NULL,
	user_id BIGINT UNSIGNED NOT NULL,
	body text,
	filename VARCHAR(255),
	size INT,
	metadata JSON,
	created_at DATETIME DEFAULT NOW(),
	updated_at DATETIME DEFAULT CURRENT_TIMESTAMP ON UPDATE CURRENT_TIMESTAMP,
	INDEX(user_id),
	FOREIGN KEY (user_id) REFERENCES users(id),
	FOREIGN KEY (media_type_id) REFERENCES media_types(id)
);

INSERT INTO `media` VALUES ('1','1','112','Eaque est dolorem ut est dolorem a asperiores non. Velit veniam sunt ea est tenetur error neque. Dicta occaecati quia natus et iusto voluptatem.','soluta','8138',NULL,'2002-01-18 22:32:02','2008-07-25 20:12:09'),
('2','2','102','Veniam consequuntur omnis et blanditiis error ex. Et qui soluta quia in praesentium sit. Dolore corrupti est hic numquam harum velit. Nam aut et iure provident magni nobis et rerum. Est voluptas dolor consequatur neque harum dolor modi quod.','quia','884',NULL,'1979-06-25 09:42:42','1991-09-23 04:17:23'),
('3','3','163','Voluptate rerum voluptates commodi illum soluta est. Voluptatem quia animi est laborum nulla voluptatem veritatis. Adipisci similique ullam voluptas consequuntur distinctio id omnis. In perspiciatis blanditiis sint. Magnam eveniet natus est non esse et.','iste','579098',NULL,'1995-09-05 21:05:50','1976-10-05 13:43:36'),
('4','4','133','Et facilis vitae enim. Ea ipsam sint vel voluptatem. Dolor itaque expedita minus nostrum voluptate.','non','313',NULL,'1981-03-08 02:14:26','1992-08-18 08:02:22'),
('5','5','121','Nesciunt et non quo et illo ea dolor blanditiis. Assumenda ut similique sequi omnis. Rerum enim molestias eligendi enim. Ut quae et quia autem voluptate nulla.','et','5',NULL,'2012-03-08 02:51:46','1984-04-17 12:07:07'),
('6','6','171','Repellat et sequi at et. Suscipit laborum consequatur quo ducimus veritatis. Consequatur cupiditate cumque nemo voluptas. Cupiditate et libero autem error neque at.','sint','1',NULL,'1973-06-28 14:46:58','2017-12-04 02:57:14'),
('7','7','130','Placeat corrupti vel quisquam id dolores vel qui vel. Sunt veritatis eos ut quia blanditiis quod voluptatem. Dolore quam architecto laborum molestiae sit aut aut.','quas','81493771',NULL,'1971-03-09 11:38:40','1974-08-08 09:11:46'),
('8','8','166','Assumenda autem a omnis ut illo veritatis. Alias pariatur dolorum natus consequuntur ipsa veniam quis. Ut aut voluptate quis odio porro laborum. Ut impedit delectus numquam itaque dolorem veniam qui.','quidem','960962',NULL,'2010-09-23 07:52:57','1976-05-06 01:41:08'),
('9','9','147','Et voluptatem minima harum maxime voluptatem. Dignissimos quasi id voluptatem sint fugit. Minima fugiat voluptatem nihil laborum quaerat deserunt. Cumque perferendis quis delectus fugiat consectetur itaque iusto.','aliquid','48',NULL,'2012-03-02 04:39:21','2018-01-13 20:09:20'),
('10','10','189','Ea quidem et ex aspernatur atque minus. Recusandae deleniti vero qui. Ut molestiae facere eligendi fugiat omnis ab.','saepe','1',NULL,'2013-07-19 00:30:04','1985-06-12 17:48:06'),
('11','1','189','Itaque iste voluptate voluptatem est ut est doloremque. Eos assumenda doloremque velit ut. Esse occaecati optio magnam qui doloremque quas qui.','consequatur','69487264',NULL,'1979-05-21 20:02:40','2004-04-04 05:03:04'),
('12','2','158','Ducimus enim deleniti rerum enim architecto soluta. Deserunt animi nemo itaque saepe rerum sit corrupti qui. Sit minus soluta sapiente odit tempora.','et','55',NULL,'2003-03-03 11:46:54','2017-07-10 14:46:22'),
('13','3','193','Et numquam qui quae non. Quasi praesentium et ducimus ipsam velit facilis rerum mollitia. Molestiae cumque perspiciatis non incidunt et itaque. Ipsam qui magnam omnis enim.','et','899503',NULL,'1995-07-27 17:48:16','2002-11-01 21:06:58'),
('14','4','194','Voluptatem qui quibusdam ea rem error. Qui tempora sed aut illo qui voluptatem quisquam cupiditate. Quaerat aliquid accusamus odio hic nemo dolorum in quibusdam. Similique excepturi totam est illum.','corrupti','239',NULL,'2013-11-06 18:34:42','2015-10-17 03:12:17'),
('15','5','195','Perferendis ipsum dignissimos eligendi voluptatibus. Sed id hic magnam. Eum et tempora distinctio voluptatibus. Amet ratione soluta nam cumque dolores occaecati magnam reiciendis.','officiis','77800',NULL,'2018-03-25 11:33:26','1988-01-14 06:58:08'),
('16','6','101','Sint impedit consequatur et iusto ut. Perferendis voluptas quia dolorum.','rem','103929060',NULL,'1970-06-27 10:32:30','2015-08-14 11:51:16'),
('17','7','178','Magni velit voluptatem omnis voluptatem cumque iure. Laborum sit voluptatum aut reprehenderit dolor. Aut voluptatem quod autem illo aliquid blanditiis.','dolorem','733',NULL,'2012-11-15 01:41:01','2003-09-13 13:11:53'),
('18','8','169','Minus voluptatem mollitia voluptas reiciendis ut occaecati. Et nihil quisquam sint molestias omnis totam. Itaque velit aut maxime corrupti necessitatibus.','reiciendis','644',NULL,'1971-03-15 11:03:45','1997-12-19 10:48:23'),
('19','9','133','Sunt dolores repellat et velit ipsa doloribus recusandae. Nisi omnis eaque ipsam dolores molestiae. Eos vitae corrupti aut sapiente et numquam eos.','occaecati','29',NULL,'1992-07-24 12:15:43','1993-07-07 03:57:36'),
('20','10','194','Cupiditate veniam adipisci molestias accusantium. Sit reprehenderit officiis est rerum quia tempora quis. Repellendus et asperiores earum tempora sit rerum sequi dolores.','aliquid','62433',NULL,'2012-12-30 16:32:36','1984-04-18 06:32:07'),
('21','1','175','Officia ullam porro ut dolorem cum error. Ut sint quaerat rerum a iste est. Sapiente enim eum rerum sit alias iusto voluptatibus repellendus.','et','24413',NULL,'2000-02-28 18:38:56','2019-02-16 16:11:31'),
('22','2','172','Sed facere et quo expedita est. In et est temporibus id. Labore aut dignissimos cumque.','autem','700526',NULL,'2006-02-07 23:07:45','2016-12-27 03:33:32'),
('23','3','118','Et voluptatem culpa eligendi. Error quae recusandae consequatur vel dolor. Nam explicabo hic consequuntur.','consequatur','79',NULL,'1976-12-11 12:06:30','2006-05-21 16:22:07'),
('24','4','181','Aut tempore ut qui et eius. Rem quas voluptatem eos omnis non. Facere maiores vero tempore vel harum neque eos.','molestiae','97411136',NULL,'2019-06-13 12:54:54','1992-03-21 13:39:00'),
('25','5','137','Corrupti non autem voluptatem ipsam dolorem velit. Qui aliquam laborum molestiae repudiandae.','optio','9479',NULL,'1972-10-29 18:54:11','2016-04-20 00:14:48'),
('26','6','137','Officia praesentium ducimus autem non. Laudantium rerum esse ut debitis illo sit quis. Ipsa ex veritatis ipsum voluptatibus quisquam eos dolores. Quo nisi voluptatem ut voluptatum in quo.','autem','2938789',NULL,'1979-01-02 23:28:21','1984-12-28 02:45:18'),
('27','7','190','Possimus accusantium nam soluta accusantium ut laborum est. Non magni et minima et. Perspiciatis odit aperiam reiciendis eos doloremque quae.','laboriosam','19',NULL,'1998-03-08 05:45:50','2016-04-17 07:39:57'),
('28','8','107','Vel et velit dicta ut odit. Pariatur eaque odio laboriosam et. Hic mollitia impedit est expedita.','sit','8',NULL,'1982-08-06 00:01:16','1979-10-13 12:40:06'),
('29','9','159','Voluptas non numquam assumenda et ipsam. Commodi commodi recusandae iste quis eum. Sapiente impedit exercitationem dolor soluta et est quaerat aut.','itaque','65104',NULL,'2014-04-06 12:39:00','2012-02-24 23:25:01'),
('30','10','191','Esse alias quae aliquid sint voluptas. Mollitia eum tempore et in est veniam quidem.','earum','0',NULL,'1990-01-22 18:39:01','2019-08-22 15:28:57'),
('31','1','159','Consequatur voluptate consequatur non aliquam sit. Numquam inventore maiores aut sunt. Vitae animi voluptatum saepe non ab. Est quaerat qui explicabo necessitatibus.','tenetur','0',NULL,'2003-05-25 01:16:36','1980-09-11 20:12:11'),
('32','2','173','Ut corrupti reiciendis culpa voluptas voluptatem in quia. Facilis dolore quidem distinctio minus qui quo ratione. Consequatur amet aut architecto aut dolore eos. Reiciendis autem laboriosam perferendis.','ad','9907',NULL,'2007-02-21 07:30:29','1993-04-07 02:46:07'),
('33','3','193','Molestias vero tempore et. Tempore inventore est qui architecto. Et non a dolores fugiat quisquam voluptatem dolorem. Voluptatum nobis et omnis nemo perferendis aut.','nulla','90',NULL,'1978-02-22 08:22:18','2011-10-27 08:06:06'),
('34','4','105','Vero sed corporis consequuntur animi iusto dolor impedit. Quia saepe asperiores dolorum eius molestiae doloribus occaecati. Blanditiis officia praesentium et corrupti minima dolor. Aspernatur et omnis vero blanditiis unde totam enim.','voluptas','19313727',NULL,'1979-09-09 03:48:49','2006-12-19 02:44:46'),
('35','5','195','Est voluptas tempora delectus voluptatibus cum voluptatem dolorum. Iste repellat totam quis omnis voluptatem doloribus. Incidunt asperiores ex est harum. Velit suscipit consequatur reprehenderit cum dolores neque sed.','culpa','15',NULL,'1971-10-10 03:23:47','1989-11-07 03:58:05'),
('36','6','109','Quasi nobis eaque aut possimus consequatur repellendus iusto. Sequi quis mollitia ut voluptatem iste consectetur et eaque. Quo corrupti voluptatem dolor. Sed officia voluptatum unde ducimus.','minus','34491',NULL,'1973-05-29 10:50:48','2019-11-23 13:59:27'),
('37','7','175','Officiis et voluptatum est eos. Aut tempora aut voluptatem quam. Quod consectetur ipsam cum quibusdam nihil quibusdam asperiores aut. Laboriosam in similique non asperiores commodi hic.','cumque','968789659',NULL,'2005-04-10 10:25:12','1983-10-27 03:49:43'),
('38','8','121','Est tempore quod deserunt. Natus nulla maxime qui non est. Magnam aut rerum dolores sit id voluptatem eligendi rerum.','dolorum','9661597',NULL,'1990-08-02 09:52:03','2016-04-05 21:59:48'),
('39','9','175','Odit error quis quo dignissimos quo perferendis iste. Velit eligendi cum itaque est voluptates. Unde perferendis iusto voluptatem perferendis perspiciatis porro eum dicta. Fuga corporis vel odit sint.','omnis','449446',NULL,'2017-10-07 23:29:41','1985-03-14 09:18:32'),
('40','10','106','Aut vel enim ut quia provident cumque dolorem. Repudiandae quia eum nulla quibusdam et voluptatum. Saepe aut nihil possimus cum. Recusandae error dolore quia eius qui molestiae quas.','provident','0',NULL,'2006-06-08 13:21:27','2009-06-23 05:17:09'),
('41','1','105','Quaerat repellat numquam ipsam necessitatibus aliquam. Dignissimos neque possimus eum qui assumenda. Et sunt tenetur dolorem excepturi autem. Tenetur voluptates magnam aspernatur. Nostrum aut numquam doloribus minus et magni.','officiis','7',NULL,'1982-07-26 22:50:40','1981-07-21 01:56:44'),
('42','2','163','Dolor error maxime ab eum consectetur. Dolor eos et deserunt qui. Est quibusdam quibusdam excepturi rerum deserunt rerum facilis omnis.','a','2269274',NULL,'2020-04-11 04:10:18','2000-12-23 20:57:56'),
('43','3','168','Eius facilis rem accusantium laborum repellendus. Repudiandae dolorum dolorem similique maxime dolore itaque officia. Omnis labore mollitia nihil.','reprehenderit','925',NULL,'1989-01-20 17:46:47','2005-02-21 03:15:58'),
('44','4','198','Et harum mollitia aut tempore officia commodi asperiores. Dignissimos vel est eos minus dolorum. Asperiores eos dignissimos voluptatem.','excepturi','16',NULL,'2007-01-02 18:17:15','1986-12-19 20:46:43'),
('45','5','155','Corporis commodi quis quaerat nemo at. Nihil est animi id dolore commodi error ut qui. Incidunt qui voluptate voluptatum reprehenderit tempore. Corporis earum fugiat similique eius neque doloremque id. Dolore voluptatibus animi dolor quod sequi laboriosam.','eos','60',NULL,'1991-03-08 03:01:53','1984-03-07 02:57:54'),
('46','6','163','Quam nemo quae odio sit beatae. Deserunt eius suscipit provident aut modi quidem nisi. Fugiat pariatur itaque voluptatum eveniet exercitationem. Pariatur pariatur veniam ipsum cumque non alias.','ad','844957205',NULL,'1970-04-13 15:43:57','1997-10-07 01:55:30'),
('47','7','198','Natus ex saepe explicabo repudiandae eos perferendis. Voluptatem ut eos et est nisi aut. Voluptatem optio libero totam dolores. Debitis non non accusamus est consequatur quasi omnis.','quod','536',NULL,'1991-12-07 17:11:08','2007-12-29 19:09:50'),
('48','8','118','Quia et distinctio repellat eius. Magnam esse neque quisquam voluptas. Ut consequuntur fuga provident qui et dolore. Aut eos velit quis dolorum consectetur cupiditate.','voluptatem','4571',NULL,'1972-09-27 12:28:08','2012-01-23 19:07:22'),
('49','9','112','Et nisi ut ab eius. Ut pariatur iusto dolor sunt nemo quod laudantium. Commodi nam quos sint.','aut','47369',NULL,'1979-04-04 03:17:37','1974-04-08 22:42:50'),
('50','10','133','Illo alias animi dolorum eum placeat et dignissimos. Dolorum voluptatum qui corrupti aut. Ut sed odit nihil nemo facere quidem. Corrupti non eum velit et reprehenderit aut ut.','quo','71588',NULL,'2010-06-09 06:18:57','2019-04-23 13:28:17'),
('51','1','109','Rerum eum delectus et exercitationem commodi nemo. Similique officiis voluptas provident id eos. Vel omnis recusandae incidunt.','suscipit','487292685',NULL,'2007-12-23 04:00:27','1983-07-20 08:23:57'),
('52','2','186','Veritatis et maxime atque quae voluptas eum accusamus. Fuga optio in illo. Et id omnis nihil consequatur praesentium qui. Et commodi nihil ea aut sed.','iste','200',NULL,'2006-08-18 16:49:07','1989-06-07 05:15:45'),
('53','3','193','Id rem magni quia iure. Ea ab eos qui nobis est rerum vel. Molestias atque velit et culpa minus.','eligendi','26',NULL,'2006-09-30 14:33:20','2000-01-06 10:24:27'),
('54','4','137','Et non non veritatis voluptatum aut odio eaque. Laboriosam et fugiat harum rerum et est. Beatae voluptatem expedita voluptates quis dolore eum et. Exercitationem corrupti atque aliquid rerum.','dignissimos','9',NULL,'1983-12-01 11:18:20','1989-05-03 04:23:49'),
('55','5','167','Expedita voluptatem perferendis voluptas. Sed autem dignissimos tempore aperiam quia similique. Veritatis voluptatem iusto fuga omnis est voluptatem. Sunt quos totam ut ratione et sint fugiat aut.','voluptatem','51903',NULL,'2004-11-02 09:24:58','1989-06-14 13:41:46'),
('56','6','124','Beatae dolor omnis est ut quaerat soluta dolor. Dignissimos nobis temporibus voluptas dolores sit.','qui','5646023',NULL,'2001-04-13 17:36:31','2019-11-01 12:35:57'),
('57','7','172','Expedita repudiandae qui iure molestiae maiores doloribus non quo. Doloremque voluptatum quia sapiente reprehenderit blanditiis est. Quo beatae debitis pariatur beatae dolores.','vero','921528',NULL,'2011-08-04 12:09:55','2017-11-08 03:10:29'),
('58','8','151','Sed at et corrupti quis illum. Id iusto maiores blanditiis hic et occaecati. Saepe atque ea dolorem ea. Facilis blanditiis eveniet in.','molestiae','76482',NULL,'2001-02-09 09:32:12','1992-09-25 15:51:32'),
('59','9','141','Vel aut ut saepe nisi. Inventore nesciunt possimus aliquid perferendis consectetur modi quia cupiditate. Eum aliquid dolores est sed inventore sint dolorem. Ullam debitis mollitia molestiae rem.','qui','853790',NULL,'2003-03-26 03:38:18','2018-08-28 08:04:25'),
('60','10','114','Dolore vel modi laborum repellat qui magni. Velit quia optio atque quo doloribus.','rerum','934472895',NULL,'2018-11-01 08:15:50','1974-05-23 08:04:06'),
('61','1','137','Ex in consectetur dolore quia omnis. Sed quisquam vitae non alias eius officia. Soluta minima reprehenderit culpa eligendi ratione. Sequi sit consequatur nulla ut quia aliquid incidunt illum.','quia','0',NULL,'1987-01-07 10:49:45','1977-10-16 15:11:26'),
('62','2','189','Aspernatur debitis voluptatum soluta fugit dignissimos. Repellat molestiae officia reprehenderit nobis ut tenetur quibusdam est. Qui rerum et et et earum quisquam. Ullam aperiam doloribus nemo accusamus.','qui','0',NULL,'2019-03-15 08:03:14','1989-09-08 11:37:14'),
('63','3','188','Quidem ullam pariatur odit aperiam non animi. Quia ut ut quibusdam eius ad eum. Id et culpa labore ut.','ea','3',NULL,'2018-05-09 11:52:43','1991-08-18 14:23:19'),
('64','4','124','Expedita dolorum sed vero. Error magni amet quas qui. Molestiae quasi cumque eum sed est.','quos','604272',NULL,'1973-10-15 22:32:25','2017-09-19 13:32:24'),
('65','5','192','Ea est temporibus rem exercitationem recusandae exercitationem fugit soluta. Et quo ea non distinctio recusandae. Modi adipisci asperiores expedita in doloribus nostrum officiis libero.','ut','155523',NULL,'2000-01-20 16:54:59','2012-06-18 03:47:37'),
('66','6','182','Qui fuga quisquam expedita aut eaque. Esse voluptas ipsa aperiam voluptatem fugit veritatis facilis. Dolorem ea voluptas perspiciatis est non nemo. Et voluptates exercitationem in voluptatibus aut nam vitae porro.','esse','630668',NULL,'1980-01-29 11:11:25','1987-07-03 09:27:40'),
('67','7','142','Asperiores autem tempore illo nulla nemo magni. Sit illum atque perferendis quis architecto. Eos illum ea sed officia quibusdam ad. Et molestias dolores temporibus cupiditate aliquam voluptas pariatur expedita.','assumenda','1495131',NULL,'2003-06-18 23:49:36','1974-07-12 19:31:25'),
('68','8','168','Quasi occaecati qui eum repudiandae ipsam iusto veniam. Qui aspernatur sit est aut. Sed repudiandae tempore numquam asperiores et aperiam illo. Veniam rem explicabo ex deserunt maiores.','quia','344',NULL,'1977-12-31 12:40:52','2002-06-25 16:42:33'),
('69','9','101','Eaque id aut quas enim. Qui ea ea est eligendi est explicabo. Illo mollitia vel magni cupiditate perferendis sed voluptatem.','delectus','87396438',NULL,'1985-04-21 05:16:18','1972-11-19 02:00:12'),
('70','10','103','Laudantium aut sint et atque. Quaerat inventore quisquam aut non voluptate qui. Sit corrupti delectus corrupti sed alias omnis.','explicabo','2',NULL,'2017-09-11 06:52:32','2002-11-02 19:25:36'),
('71','1','175','Tempore voluptatibus velit exercitationem error sed itaque nostrum dignissimos. Sint non cupiditate molestiae et. Omnis rerum odit ut.','aut','1326759',NULL,'1994-02-15 00:46:40','1975-03-12 22:00:10'),
('72','2','106','Et minima cupiditate quod dolorum. Odio officiis voluptas deserunt qui. Aperiam quibusdam sed sed deserunt.','exercitationem','75516',NULL,'1974-01-03 09:51:36','1981-03-30 02:42:37'),
('73','3','167','Ut quaerat dolores laborum sed. Ad provident inventore rerum provident. Occaecati cum provident corporis iusto quas quo et. Consequatur ut officiis omnis numquam animi et. Labore rem nihil quibusdam voluptatem.','minima','10906',NULL,'1987-12-13 23:57:17','2011-07-10 14:13:17'),
('74','4','130','Exercitationem ipsum magni fuga animi veniam eligendi. Recusandae ea laboriosam eum minima in perferendis id. Exercitationem sunt in temporibus repellendus reprehenderit quia. Voluptatem illum dolores odio. Sint porro sint accusamus eius velit aut.','recusandae','985680575',NULL,'1982-09-29 04:23:41','1976-02-14 02:56:43'),
('75','5','105','Non rerum reprehenderit eos perspiciatis quia voluptatem repudiandae. Cum aut qui sunt quia eos quia reiciendis consequatur. Delectus vero voluptatem vitae laboriosam et.','ut','43578',NULL,'2000-05-16 23:57:36','2006-04-07 05:43:02'),
('76','6','102','Nihil voluptates aut commodi accusamus quidem consectetur iste. Consequuntur ea voluptas molestiae alias vitae.','et','365398',NULL,'2006-11-25 18:54:44','1975-12-31 02:29:28'),
('77','7','185','Fuga pariatur dolorem qui. Ut rerum dignissimos sit voluptatibus dolorem consectetur voluptatem.','fuga','376',NULL,'2009-01-28 20:08:49','1988-06-26 08:52:33'),
('78','8','105','Sit dolorem qui nobis non. Itaque non eos repudiandae rerum ea. Delectus sunt aut dolores perspiciatis molestias.','ducimus','144080109',NULL,'2000-07-01 05:11:19','2016-04-04 21:30:03'),
('79','9','121','Est velit dignissimos rerum iusto expedita dolores et. Non officia rerum sit voluptatem. Esse qui laborum deserunt autem nulla est cumque. Exercitationem amet expedita natus non ea eum.','est','5764',NULL,'2012-04-22 13:46:38','1974-02-21 22:52:59'),
('80','10','194','Quia dolor debitis repellat quia. Autem laudantium dolorem vel non consequatur. Laudantium suscipit officia nam sint itaque odit quia.','voluptatem','0',NULL,'2020-03-26 01:56:00','1997-09-07 23:44:04'),
('81','1','141','Nobis quisquam qui at ea odit quis. Quo consequuntur quia cum vero fuga. Quia architecto repellendus ut quia. Ipsam maxime itaque sint laboriosam sit quidem delectus.','reiciendis','0',NULL,'2011-01-02 07:29:09','2014-01-05 04:25:25'),
('82','2','142','Laboriosam minus fuga ut aut rerum alias quisquam. Ex sit quae nemo iusto odio vel error. Sed nam pariatur praesentium beatae porro eligendi. Eaque quia vel a quae aut doloremque.','quam','4738014',NULL,'2015-08-19 03:06:42','1999-10-30 23:50:34'),
('83','3','181','Aut velit quidem labore quis optio temporibus. Voluptatem suscipit laboriosam tenetur qui ratione quibusdam explicabo. Iste consequatur aut tempore et.','quisquam','35341',NULL,'1978-12-21 09:49:44','1976-08-09 12:54:28'),
('84','4','126','Eligendi vel praesentium nulla expedita. Laborum debitis nostrum officiis est ut cupiditate sunt. Nobis aliquam eaque sit doloremque. Tempore est porro ea necessitatibus quo. Quidem dolorem blanditiis harum maiores ut et.','ad','2367',NULL,'1993-06-05 01:54:15','2000-05-15 07:34:08'),
('85','5','176','Ea officiis eligendi nihil. Porro natus quisquam cupiditate ad. Ipsum est eos id autem repudiandae. Quis illo tempore aut reiciendis est quam vel.','dolorem','0',NULL,'2001-07-21 21:30:45','1997-11-13 12:52:56'),
('86','6','141','Atque et nihil vel. Iure iure molestias placeat necessitatibus culpa est aut. Ullam nostrum est animi voluptates. Ut laboriosam aut ut pariatur ab qui voluptatibus nesciunt.','ea','4324818',NULL,'2016-09-18 18:54:24','1971-12-01 06:59:45'),
('87','7','158','Sunt dignissimos exercitationem qui distinctio suscipit ratione numquam. Quisquam inventore eos tenetur. Quo aut assumenda quos sunt corrupti nihil vel. Dolores repellendus qui qui nemo.','mollitia','4',NULL,'2015-06-01 09:46:52','1995-12-12 04:42:06'),
('88','8','141','Praesentium tenetur et aliquam et aperiam quo eveniet aliquid. Deserunt sit et veniam unde minus. Earum soluta soluta fugit saepe consectetur nulla et.','et','49253541',NULL,'2004-08-08 14:48:43','1993-12-14 08:17:44'),
('89','9','182','Accusamus fuga neque accusamus officiis temporibus. Incidunt autem reprehenderit laborum velit explicabo sit maiores.','sed','6252721',NULL,'1974-12-12 18:49:26','1978-07-09 22:19:08'),
('90','10','188','Molestiae voluptatem aperiam sunt ipsa. Iusto non voluptatum animi amet. Est quis dignissimos voluptatibus nisi occaecati voluptatem.','vel','7973549',NULL,'2020-03-14 04:57:08','1976-01-28 11:32:29'),
('91','1','158','Et repellendus veniam aliquam ipsa ab natus non fugit. Cum facilis sit omnis deserunt sed dolor. Minus sunt nostrum magnam dolores aut fugiat sed accusamus.','sint','0',NULL,'1987-02-06 19:57:51','1979-02-13 17:06:51'),
('92','2','107','Eveniet nisi aut ratione alias. Odit voluptatem doloribus dolorem. Quis facilis sit non qui.','quaerat','0',NULL,'1989-06-02 15:08:29','1996-05-23 17:04:57'),
('93','3','176','Maxime molestiae consectetur illo facilis laborum facere saepe. Est vel fuga consequatur cumque culpa ea ut. Adipisci ut officia itaque cum sapiente eum ducimus amet. Est nobis doloremque magni quae iure.','fuga','33',NULL,'1997-06-24 20:29:59','1993-09-10 20:29:20'),
('94','4','141','Voluptatum ut quod asperiores esse maxime. Reprehenderit debitis et iusto. Eveniet esse eos dolorem. Libero quo doloremque veritatis animi inventore.','et','68',NULL,'2013-01-12 08:10:13','1995-02-21 22:02:38'),
('95','5','137','Consequatur eaque fuga architecto praesentium reiciendis voluptas eveniet. Aut ut nihil autem quo deleniti ut.','facilis','0',NULL,'1998-11-24 22:19:40','2009-03-03 14:37:07'),
('96','6','169','Omnis nisi et saepe ea non qui voluptates. Ut fugiat recusandae et quo ea magnam. Voluptatem qui sint ducimus in. Voluptatem eum libero laborum eligendi sit delectus.','omnis','487233',NULL,'2001-10-04 17:53:43','1993-06-11 21:36:53'),
('97','7','109','Accusantium dolorem incidunt eligendi aut enim. Neque magni eveniet ullam itaque quia. Omnis totam dolor aut a.','soluta','39502',NULL,'1997-12-14 04:13:11','1975-12-20 20:59:37'),
('98','8','176','Tempora minus labore et voluptas perferendis quia. Voluptas soluta consequatur odit. Sit voluptatem tempora accusamus.','officia','71658',NULL,'2001-02-08 10:02:49','1975-10-06 02:08:13'),
('99','9','118','Vitae minima atque voluptatem sunt aut voluptatem quia eaque. Sint dicta sint suscipit nemo. Provident laborum nulla laboriosam magnam autem quis.','magnam','91760945',NULL,'1978-10-29 08:44:23','1994-07-14 16:39:11'),
('100','10','109','Veritatis nesciunt qui sunt quo aut veritatis. Repellendus itaque et harum vitae vitae non optio. Nihil quia non numquam iste. Distinctio autem veritatis omnis soluta sint reiciendis.','eius','7271',NULL,'2003-04-05 03:30:35','1996-04-05 16:01:50'); 


DROP TABLE post;

DROP TABLE likes;

DROP TABLE IF EXISTS likes;
CREATE TABLE likes (
	id SERIAL PRIMARY KEY,
	to_user_like_id BIGINT UNSIGNED NOT NULL,
	from_user_like_id BIGINT UNSIGNED NOT NULL,
	media_id BIGINT UNSIGNED NOT NULL,
	user_id BIGINT UNSIGNED NOT NULL,
	post_id BIGINT UNSIGNED NOT NULL,
	created_at DATETIME DEFAULT NOW(),
	INDEX likes_from_user_like_id(from_user_like_id),
	INDEX likes_to_user_like_id(to_user_like_id),
	INDEX likes_media_id(media_id),
	INDEX likes_post_id(media_id),
	INDEX likes_user_id(user_id),
	FOREIGN KEY (user_id) REFERENCES users(id),
	FOREIGN KEY (media_id) REFERENCES media(id),
	FOREIGN KEY (post_id) REFERENCES media(id)
);

INSERT INTO likes 
SET
	id = 55,
	to_user_like_id = 1,
	from_user_like_id = 5,
	media_id = 33,
	user_id = 157,
	post_id = 48,
	created_at = '2002-01-30 22:14:45'
;

INSERT INTO `likes` VALUES ('101','101','101','1','101','40','1997-03-06 06:56:18'),
('102','102','102','2','102','76','1999-10-06 20:26:35'),
('103','103','103','3','103','5','1972-08-09 06:40:09'),
('104','105','105','4','105','79','2007-05-04 06:13:18'),
('105','106','106','5','106','18','1985-04-24 20:32:17'),
('106','107','107','6','107','6','2002-12-27 17:59:44'),
('107','108','108','7','108','80','2011-02-26 00:41:05'),
('108','109','109','8','109','56','2005-11-23 01:07:37'),
('109','112','112','9','112','58','1976-03-11 13:22:01'),
('110','114','114','10','114','74','1977-06-23 06:35:03'); 

DROP TABLE IF EXISTS `photo_albums`;
CREATE TABLE `photo_albums` (
	id SERIAL,
	name VARCHAR(255) DEFAULT NULL,
	user_id  BIGINT UNSIGNED DEFAULT NULL,
	
	FOREIGN KEY (user_id) REFERENCES users(id),
	PRIMARY KEY (`id`)

);

INSERT INTO `photo_albums` VALUES ('1','quae','198'),
('2','vitae','186'),
('3','sint','119'),
('4','aut','190'),
('5','incidunt','108'),
('6','ut','166'),
('7','vel','126'),
('8','fuga','177'),
('9','sit','156'),
('10','possimus','119'),
('11','itaque','163'),
('12','nihil','109'),
('13','molestias','189'),
('14','ipsam','102'),
('15','recusandae','163'),
('16','eum','168'),
('17','architecto','105'),
('18','maiores','147'),
('19','tempore','168'),
('20','aspernatur','130'),
('21','tempora','130'),
('22','nulla','190'),
('23','nobis','195'),
('24','veritatis','167'),
('25','iure','181'),
('26','consequatur','126'),
('27','cum','195'),
('28','cumque','182'),
('29','non','166'),
('30','quisquam','195'),
('31','amet','105'),
('32','sint','163'),
('33','molestiae','182'),
('34','non','130'),
('35','et','148'),
('36','voluptas','191'),
('37','ipsam','186'),
('38','nisi','175'),
('39','ut','168'),
('40','sed','134'),
('41','voluptatem','191'),
('42','laboriosam','109'),
('43','consequatur','151'),
('44','est','178'),
('45','doloribus','112'),
('46','sit','195'),
('47','in','137'),
('48','fuga','121'),
('49','et','142'),
('50','nam','193'),
('51','itaque','156'),
('52','suscipit','171'),
('53','debitis','182'),
('54','praesentium','153'),
('55','et','118'),
('56','voluptas','163'),
('57','nisi','177'),
('58','velit','112'),
('59','natus','137'),
('60','voluptas','126'),
('61','at','108'),
('62','velit','144'),
('63','et','185'),
('64','enim','191'),
('65','ipsam','172'),
('66','porro','121'),
('67','est','182'),
('68','voluptatem','155'),
('69','impedit','191'),
('70','quo','144'),
('71','et','182'),
('72','nam','181'),
('73','ipsa','158'),
('74','laboriosam','119'),
('75','quidem','158'),
('76','et','173'),
('77','quo','114'),
('78','et','186'),
('79','rerum','191'),
('80','ipsa','159'),
('81','asperiores','178'),
('82','fugit','142'),
('83','optio','109'),
('84','ipsam','158'),
('85','sit','186'),
('86','est','137'),
('87','natus','103'),
('88','magni','159'),
('89','tempora','155'),
('90','qui','142'),
('91','ea','182'),
('92','sed','168'),
('93','at','179'),
('94','vel','167'),
('95','voluptas','156'),
('96','debitis','144'),
('97','assumenda','182'),
('98','laboriosam','126'),
('99','ipsam','189'),
('100','maiores','175'); 

truncate table `photos`;

DROP TABLE IF EXISTS `photos`;
CREATE TABLE `photos` (
	id SERIAL PRIMARY KEY,
	`album_id` BIGINT UNSIGNED NOT NULL,
	`media_id` BIGINT UNSIGNED NOT NULL,
	
	FOREIGN KEY (album_id) REFERENCES photo_albums(id),
	FOREIGN KEY (media_id) REFERENCES media(id)

);

INSERT INTO `photos` (`id`, `album_id`, `media_id`) 
VALUES ('1', '97', '11');

INSERT INTO `photos` 
SET
	id = '55',
	album_id = '10',
	media_id = '48'
;
	